n_models,window,DL_SST_Sv_century,sim_SST_Sv_century,DL_SSH_Sv_century,sim_SSH_Sv_century,bias_trend_SST_Sv_per_century,bias_trend_SSH_Sv_per_century,mean_bias_SST_Sv,mean_bias_SSH_Sv,rmse_SST_Sv,rmse_SSH_Sv
6,1900-2000,-0.7334464540763129,-0.3613475853053716,-0.4949639152010092,-0.3613475853053716,-0.37209886877094145,-0.13361632989563757,-0.11315211226254014,-0.04353768188212975,0.6055468087147255,0.4216322716382674
